{"cameraMode":{"drawMode":0,"name":"Shaded","section":"Shading Mode"},"sceneLighting":false,"audioPlay":false,"sceneViewState":{"showFog":true,"showMaterialUpdate":false,"showSkybox":false,"showFlares":true,"showImageEffects":true,"showParticleSystems":true},"in2DMode":false,"pivot":{"x":-0.3492431640625,"y":2.616335868835449,"z":211.729736328125},"rotation":{"x":0.2767781615257263,"y":-0.3391609489917755,"z":0.1060643419623375,"w":0.8929163217544556},"size":991.9689331054688,"orthographic":false}