{"cameraMode":{"drawMode":0,"name":"Shaded","section":"Shading Mode"},"sceneLighting":true,"audioPlay":false,"sceneViewState":{"showFog":true,"showMaterialUpdate":false,"showSkybox":true,"showFlares":true,"showImageEffects":true,"showParticleSystems":true},"in2DMode":false,"pivot":{"x":610.2283325195313,"y":866.6122436523438,"z":-547.1140747070313},"rotation":{"x":0.05216680467128754,"y":0.1121620312333107,"z":-0.0057942564599215988,"w":0.9924362301826477},"size":403.22064208984377,"orthographic":false}