{"cameraMode":{"drawMode":0,"name":"Shaded","section":"Shading Mode"},"sceneLighting":true,"audioPlay":false,"sceneViewState":{"showFog":true,"showMaterialUpdate":false,"showSkybox":true,"showFlares":true,"showImageEffects":true,"showParticleSystems":true},"in2DMode":false,"pivot":{"x":-7.199957847595215,"y":26.80227279663086,"z":-5.79290771484375},"rotation":{"x":-0.0005797783960588276,"y":0.9987958073616028,"z":0.04947613552212715,"w":0.012243896722793579},"size":44.58903884887695,"orthographic":false}