{"cameraMode":{"drawMode":0,"name":"Shaded","section":"Shading Mode"},"sceneLighting":true,"audioPlay":false,"sceneViewState":{"showFog":true,"showMaterialUpdate":false,"showSkybox":true,"showFlares":true,"showImageEffects":true,"showParticleSystems":true},"in2DMode":false,"pivot":{"x":-214.3297119140625,"y":27.877037048339845,"z":-16.566463470458986},"rotation":{"x":-0.002538604661822319,"y":-0.9920199513435364,"z":0.12446058541536331,"w":-0.020233938470482827},"size":25.26096534729004,"orthographic":false}